{"cameraMode":{"drawMode":0,"name":"Shaded","section":"Shading Mode"},"sceneLighting":false,"audioPlay":false,"sceneViewState":{"showFog":true,"showMaterialUpdate":true,"showSkybox":true,"showFlares":true,"showImageEffects":true,"showParticleSystems":true},"in2DMode":false,"pivot":{"x":-95.60004425048828,"y":23.35323143005371,"z":28.603574752807618},"rotation":{"x":-0.021538129076361657,"y":-0.8329199552536011,"z":-0.032498132437467578,"w":0.552018404006958},"size":22.0,"orthographic":false}