{"cameraMode":{"drawMode":0,"name":"Shaded","section":"Shading Mode"},"sceneLighting":true,"audioPlay":false,"sceneViewState":{"showFog":true,"showMaterialUpdate":true,"showSkybox":true,"showFlares":true,"showImageEffects":true,"showParticleSystems":true},"in2DMode":false,"pivot":{"x":-91.35063934326172,"y":-72.47371673583985,"z":20.79098129272461},"rotation":{"x":0.24087682366371156,"y":-0.6018533706665039,"z":0.19711855053901673,"w":0.7354557514190674},"size":140.4491424560547,"orthographic":false}